track,race_number,horse,odds,implied_prob,pred_prob,edge,won
Curragh,5,Value Pending,21.0,0.047619047619047616,0.2255555324411267,0.17793648482207908,0
Laurel Park,1,Stone Cold Jones,2.1,0.47619047619047616,0.6484351068315911,0.17224463064111495,0
Istanbul,9,Lord Of Dragon,4.6,0.2173913043478261,0.3733880367105667,0.1559967323627406,0
Ffos Las,6,Homeland,6.0,0.16666666666666666,0.3121159663094175,0.14544929964275086,0
Hipodromo de las Americas,4,Guesswhoiam,16.0,0.0625,0.2046978782614723,0.1421978782614723,0
Hipodromo Presidente Remon,1,Majestic Winner,5.0,0.2,0.3336914522176584,0.13369145221765838,0
Ffos Las,5,Ghost Raider,4.4,0.22727272727272727,0.3494888503367017,0.12221612306397442,1
Istanbul,9,Lupelıus,10.0,0.1,0.2212722638114601,0.12127226381146008,0
Laurel Park,10,Midas Factor,2.5,0.4,0.5115725534142952,0.11157255341429517,0
Epsom Downs,6,Swiped,4.33,0.23094688221709006,0.3403338220704566,0.10938693985336653,1
Epsom Downs,5,Echalar,6.0,0.16666666666666666,0.2724858573031938,0.10581919063652714,0
Epsom Downs,4,Seeking Charles,4.2,0.23809523809523808,0.3422276341955984,0.10413239610036029,0
Amiens,2,Altia,10.0,0.1,0.189143174568933,0.089143174568933,0
Churchill Downs,4,Hazy Horizon,4.0,0.25,0.3270765832103803,0.0770765832103803,0
Ffos Las,1,Macarone,4.0,0.25,0.3242643443601619,0.07426434436016188,1
Amiens,2,Wilela,14.0,0.07142857142857142,0.1449238107376601,0.07349523930908869,0
Laurel Park,3,West Mountain,10.0,0.1,0.173162982204241,0.073162982204241,0
Istanbul,10,Rabovo,4.2,0.23809523809523808,0.3112206625355869,0.07312542444034881,0
Gulfstream,6,Pardo,4.33,0.23094688221709006,0.3032464907656745,0.07229960854858444,0
Epsom Downs,2,Quite Cheeky,4.5,0.2222222222222222,0.2936683953777074,0.07144617315548518,1
