track,race_number,horse,best_win_odds,implied_prob,pred_prob,edge,won
Cranbourne,2,Bangholme,,0.07692307692307693,1.0,0.9230769230769231,0.0
Cranbourne,4,Castelli In Aria,,0.07692307692307693,1.0,0.9230769230769231,0.0
Cranbourne,3,Angels Fury,,0.07692307692307693,1.0,0.9230769230769231,0.0
Cranbourne,17,I'm Mim,,0.07692307692307693,1.0,0.9230769230769231,0.0
Cranbourne,18,The Kings Gospel,,0.07692307692307693,1.0,0.9230769230769231,0.0
Cranbourne,11,Labyrinth,,0.07692307692307693,1.0,0.9230769230769231,0.0
Cranbourne,16,Verismo,,0.07692307692307693,1.0,0.9230769230769231,0.0
Cranbourne,12,Small Town Hero,,0.07692307692307693,1.0,0.9230769230769231,0.0
Cranbourne,15,Rough Enuff,,0.07692307692307693,1.0,0.9230769230769231,0.0
Cranbourne,14,Gwendeling,,0.07692307692307693,1.0,0.9230769230769231,0.0
Cranbourne,13,Decalogue,,0.07692307692307693,1.0,0.9230769230769231,0.0
Cranbourne,1,I'm Foxing,,0.07692307692307693,1.0,0.9230769230769231,0.0
Cranbourne,10,Amsterdam,,0.07692307692307693,1.0,0.9230769230769231,0.0
Cranbourne,8,Zeffirelli,,0.07692307692307693,1.0,0.9230769230769231,0.0
Cranbourne,9,Prolific Angel,,0.07692307692307693,1.0,0.9230769230769231,0.0
Cranbourne,6,Hellica,,0.07692307692307693,1.0,0.9230769230769231,0.0
Cranbourne,7,Bourne Legacy,,0.07692307692307693,1.0,0.9230769230769231,0.0
Cranbourne,5,Royal Tea,,0.07692307692307693,1.0,0.9230769230769231,0.0
Funabashi,1,Hamasan,,0.07692307692307693,0.2659642189930008,0.1890411420699239,0.0
Ffos Las,4,Queenie St Clair,3.2,0.3125,0.4805987667639962,0.1680987667639962,0.0
Craon,2,Step Morning,,0.07692307692307693,0.22932266574708038,0.15239958882400345,0.0
Bordeaux Le Bouscat,4,Big Jet Plane,,0.07692307692307693,0.22559973050330986,0.14867665358023294,0.0
Curragh,5,Curracloe,2.62,0.38167938931297707,0.5141084130671764,0.1324290237541993,1.0
Bordeaux Le Bouscat,6,Tyka,,0.07692307692307693,0.20900863790812585,0.13208556098504892,0.0
Bunbury,6,Browning Street,5.0,0.2,0.31783372731654946,0.11783372731654945,0.0
